{"entities":{"pages":{"Default-topic":{"id":"Default-topic","title":"平衡立方 BALANCE*3","url":"default-topic.html","level":0,"tabIndex":0},"ProgramConcept":{"id":"ProgramConcept","title":"方案概念","url":"programconcept.html","level":0,"tabIndex":1},"InteractionFlowchart":{"id":"InteractionFlowchart","title":"交互流程图","url":"interactionflowchart.html","level":0,"tabIndex":2},"CoreComponents":{"id":"CoreComponents","title":"项目核心组成部分","url":"corecomponents.html","level":0,"tabIndex":3},"Schedule":{"id":"Schedule","title":"组员分工与时间表","url":"schedule.html","level":0,"tabIndex":4},"ProjectTasksAndErrorLog":{"id":"ProjectTasksAndErrorLog","title":"项目任务与错误日志","url":"projecttasksanderrorlog.html","level":0,"pages":["Dev","Structure","Art"],"tabIndex":5},"Dev":{"id":"Dev","title":"Dev","url":"dev.html","level":1,"parentId":"ProjectTasksAndErrorLog","pages":["Visual-Identification","PID","TripleServoController","LeapMotionData","TrajectoryGeneration","systemIntegration"],"tabIndex":0},"Visual-Identification":{"id":"Visual-Identification","title":"视觉识别功能配置与测试","url":"visual-identification.html","level":2,"parentId":"Dev","tabIndex":0},"PID":{"id":"PID","title":"实现PID控制算法","url":"pid.html","level":2,"parentId":"Dev","tabIndex":1},"TripleServoController":{"id":"TripleServoController","title":"电机转动功能配置和测试","url":"tripleservocontroller.html","level":2,"parentId":"Dev","pages":["ErrorReport"],"tabIndex":2},"ErrorReport":{"id":"ErrorReport","title":"ErrorReport 舵机无法正常运行（Done）","url":"errorreport.html","level":3,"parentId":"TripleServoController","tabIndex":0},"LeapMotionData":{"id":"LeapMotionData","title":"Leap Motion手势控制数据处理","url":"leapmotiondata.html","level":2,"parentId":"Dev","pages":["LeapMotion-Configration"],"tabIndex":3},"LeapMotion-Configration":{"id":"LeapMotion-Configration","title":"LeapMotion配置和测试","url":"leapmotion-configration.html","level":3,"parentId":"LeapMotionData","tabIndex":0},"TrajectoryGeneration":{"id":"TrajectoryGeneration","title":"轨迹记录与输出程序开发","url":"trajectorygeneration.html","level":2,"parentId":"Dev","tabIndex":4},"systemIntegration":{"id":"systemIntegration","title":"系统集成测试与调试","url":"systemintegration.html","level":2,"parentId":"Dev","tabIndex":5},"Structure":{"id":"Structure","title":"Structure","url":"structure.html","level":1,"parentId":"ProjectTasksAndErrorLog","tabIndex":1},"Art":{"id":"Art","title":"Art","url":"art.html","level":1,"parentId":"ProjectTasksAndErrorLog","tabIndex":2},"Conclusion":{"id":"Conclusion","title":"结论领悟","url":"conclusion.html","level":0,"tabIndex":6},"References":{"id":"References","title":"参考资料","url":"references.html","level":0,"tabIndex":7},"Addendum":{"id":"Addendum","title":"附录——材料清单","url":"addendum.html","level":0,"tabIndex":8}}},"topLevelIds":["Default-topic","ProgramConcept","InteractionFlowchart","CoreComponents","Schedule","ProjectTasksAndErrorLog","Conclusion","References","Addendum"]}